{"cameraMode":{"drawMode":0,"name":"Shaded","section":"Shading Mode"},"sceneLighting":true,"audioPlay":false,"sceneViewState":{"m_AlwaysRefresh":false,"showFog":true,"showSkybox":true,"showFlares":true,"showImageEffects":true,"showParticleSystems":true,"showVisualEffectGraphs":true,"m_FxEnabled":true},"in2DMode":false,"pivot":{"x":534.0081787109375,"y":254.60757446289063,"z":16.653308868408204},"rotation":{"x":0.27376696467399599,"y":-0.42438361048698428,"z":0.13632069528102876,"w":0.8522689938545227},"size":3.405017614364624,"orthographic":false}